CREATE DATABASE  IF NOT EXISTS `gestionplanillastextilima` /*!40100 DEFAULT CHARACTER SET utf8mb4 COLLATE utf8mb4_0900_ai_ci */ /*!80016 DEFAULT ENCRYPTION='N' */;
USE `gestionplanillastextilima`;
-- MySQL dump 10.13  Distrib 8.0.38, for Win64 (x86_64)
--
-- Host: localhost    Database: gestionplanillastextilima
-- ------------------------------------------------------
-- Server version	8.0.38

/*!40101 SET @OLD_CHARACTER_SET_CLIENT=@@CHARACTER_SET_CLIENT */;
/*!40101 SET @OLD_CHARACTER_SET_RESULTS=@@CHARACTER_SET_RESULTS */;
/*!40101 SET @OLD_COLLATION_CONNECTION=@@COLLATION_CONNECTION */;
/*!50503 SET NAMES utf8 */;
/*!40103 SET @OLD_TIME_ZONE=@@TIME_ZONE */;
/*!40103 SET TIME_ZONE='+00:00' */;
/*!40014 SET @OLD_UNIQUE_CHECKS=@@UNIQUE_CHECKS, UNIQUE_CHECKS=0 */;
/*!40014 SET @OLD_FOREIGN_KEY_CHECKS=@@FOREIGN_KEY_CHECKS, FOREIGN_KEY_CHECKS=0 */;
/*!40101 SET @OLD_SQL_MODE=@@SQL_MODE, SQL_MODE='NO_AUTO_VALUE_ON_ZERO' */;
/*!40111 SET @OLD_SQL_NOTES=@@SQL_NOTES, SQL_NOTES=0 */;

--
-- Table structure for table `asistencias`
--

DROP TABLE IF EXISTS `asistencias`;
/*!40101 SET @saved_cs_client     = @@character_set_client */;
/*!50503 SET character_set_client = utf8mb4 */;
CREATE TABLE `asistencias` (
  `id_asistencia` int NOT NULL AUTO_INCREMENT,
  `id_empleado` int DEFAULT NULL,
  `fecha_regsitrada` date NOT NULL,
  `hora_entrada` time DEFAULT NULL,
  `hora_salida` time DEFAULT NULL,
  `mes_año` varchar(45) DEFAULT NULL,
  PRIMARY KEY (`id_asistencia`),
  KEY `id_empleado` (`id_empleado`),
  CONSTRAINT `asistencias_ibfk_1` FOREIGN KEY (`id_empleado`) REFERENCES `empleados` (`id_empleado`)
) ENGINE=InnoDB AUTO_INCREMENT=431 DEFAULT CHARSET=utf8mb4 COLLATE=utf8mb4_0900_ai_ci;
/*!40101 SET character_set_client = @saved_cs_client */;

--
-- Dumping data for table `asistencias`
--

LOCK TABLES `asistencias` WRITE;
/*!40000 ALTER TABLE `asistencias` DISABLE KEYS */;
INSERT INTO `asistencias` VALUES (1,1,'2025-03-03','08:00:00','17:00:00','03/2025'),(2,2,'2025-03-03','08:00:00','17:00:00','03/2025'),(3,3,'2025-03-03','08:00:00','17:00:00','03/2025'),(4,4,'2025-03-03','08:00:00','17:00:00','03/2025'),(5,5,'2025-03-03','08:00:00','17:00:00','03/2025'),(6,6,'2025-03-03','08:00:00','17:00:00','03/2025'),(7,7,'2025-03-03','08:00:00','17:00:00','03/2025'),(8,8,'2025-03-03','14:00:00','22:00:00','03/2025'),(9,9,'2025-03-03','14:00:00','22:00:00','03/2025'),(10,10,'2025-03-03','14:00:00','22:00:00','03/2025'),(11,1,'2025-03-04','08:00:00','17:00:00','03/2025'),(12,2,'2025-03-04','08:00:00','17:00:00','03/2025'),(13,3,'2025-03-04','08:00:00','17:00:00','03/2025'),(14,4,'2025-03-04','08:00:00','17:00:00','03/2025'),(15,5,'2025-03-04','08:00:00','17:00:00','03/2025'),(16,6,'2025-03-04','08:00:00','17:00:00','03/2025'),(17,7,'2025-03-04','08:00:00','17:00:00','03/2025'),(18,8,'2025-03-04','14:00:00','22:00:00','03/2025'),(19,9,'2025-03-04','14:00:00','22:00:00','03/2025'),(20,10,'2025-03-04','14:00:00','22:00:00','03/2025'),(21,1,'2025-03-05','08:00:00','17:00:00','03/2025'),(22,2,'2025-03-05','08:00:00','17:00:00','03/2025'),(23,3,'2025-03-05','08:00:00','17:00:00','03/2025'),(24,4,'2025-03-05','08:00:00','17:00:00','03/2025'),(25,5,'2025-03-05','08:00:00','17:00:00','03/2025'),(26,6,'2025-03-05','08:00:00','17:00:00','03/2025'),(27,7,'2025-03-05','08:00:00','17:00:00','03/2025'),(28,8,'2025-03-05','14:00:00','22:00:00','03/2025'),(29,9,'2025-03-05','14:00:00','22:00:00','03/2025'),(30,10,'2025-03-05','14:00:00','22:00:00','03/2025'),(31,1,'2025-03-06','08:00:00','17:00:00','03/2025'),(32,2,'2025-03-06','08:00:00','17:00:00','03/2025'),(33,3,'2025-03-06','08:00:00','17:00:00','03/2025'),(34,4,'2025-03-06','08:00:00','17:00:00','03/2025'),(35,5,'2025-03-06','08:00:00','17:00:00','03/2025'),(36,6,'2025-03-06','08:00:00','17:00:00','03/2025'),(37,7,'2025-03-06','08:00:00','17:00:00','03/2025'),(38,8,'2025-03-06','14:00:00','22:00:00','03/2025'),(39,9,'2025-03-06','14:00:00','22:00:00','03/2025'),(40,10,'2025-03-06','14:00:00','22:00:00','03/2025'),(41,1,'2025-03-07','08:00:00','17:00:00','03/2025'),(42,2,'2025-03-07','08:00:00','17:00:00','03/2025'),(43,3,'2025-03-07','08:00:00','17:00:00','03/2025'),(44,4,'2025-03-07','08:00:00','17:00:00','03/2025'),(45,5,'2025-03-07','08:00:00','17:00:00','03/2025'),(46,6,'2025-03-07','08:00:00','17:00:00','03/2025'),(47,7,'2025-03-07','08:00:00','17:00:00','03/2025'),(48,8,'2025-03-07','14:00:00','22:00:00','03/2025'),(49,9,'2025-03-07','14:00:00','22:00:00','03/2025'),(50,10,'2025-03-07','14:00:00','22:00:00','03/2025'),(51,1,'2025-03-10','08:00:00','17:00:00','03/2025'),(52,2,'2025-03-10','08:00:00','17:00:00','03/2025'),(53,3,'2025-03-10','08:00:00','17:00:00','03/2025'),(54,4,'2025-03-10','08:00:00','17:00:00','03/2025'),(55,5,'2025-03-10','08:00:00','17:00:00','03/2025'),(56,6,'2025-03-10','08:00:00','17:00:00','03/2025'),(57,7,'2025-03-10','08:00:00','17:00:00','03/2025'),(58,8,'2025-03-10','14:00:00','22:00:00','03/2025'),(59,9,'2025-03-10','14:00:00','22:00:00','03/2025'),(60,10,'2025-03-10','14:00:00','22:00:00','03/2025'),(61,1,'2025-03-11','08:00:00','17:00:00','03/2025'),(62,2,'2025-03-11','08:00:00','17:00:00','03/2025'),(63,3,'2025-03-11','08:00:00','17:00:00','03/2025'),(64,4,'2025-03-11','08:00:00','17:00:00','03/2025'),(65,5,'2025-03-11','08:00:00','17:00:00','03/2025'),(66,6,'2025-03-11','08:00:00','17:00:00','03/2025'),(67,7,'2025-03-11','08:00:00','17:00:00','03/2025'),(68,8,'2025-03-11','14:00:00','22:00:00','03/2025'),(69,9,'2025-03-11','14:00:00','22:00:00','03/2025'),(70,10,'2025-03-11','14:00:00','22:00:00','03/2025'),(71,1,'2025-03-12','08:00:00','17:00:00','03/2025'),(72,2,'2025-03-12','08:00:00','17:00:00','03/2025'),(73,3,'2025-03-12','08:00:00','17:00:00','03/2025'),(74,4,'2025-03-12','08:00:00','17:00:00','03/2025'),(75,5,'2025-03-12','08:00:00','17:00:00','03/2025'),(76,6,'2025-03-12','08:00:00','17:00:00','03/2025'),(77,7,'2025-03-12','08:00:00','17:00:00','03/2025'),(78,8,'2025-03-12','14:00:00','22:00:00','03/2025'),(79,9,'2025-03-12','14:00:00','22:00:00','03/2025'),(80,10,'2025-03-12','14:00:00','22:00:00','03/2025'),(81,1,'2025-03-13','08:00:00','17:00:00','03/2025'),(82,2,'2025-03-13','08:00:00','17:00:00','03/2025'),(83,3,'2025-03-13','08:00:00','17:00:00','03/2025'),(84,4,'2025-03-13','08:00:00','17:00:00','03/2025'),(85,5,'2025-03-13','08:00:00','17:00:00','03/2025'),(86,6,'2025-03-13','08:00:00','17:00:00','03/2025'),(87,7,'2025-03-13','08:00:00','17:00:00','03/2025'),(88,8,'2025-03-13','14:00:00','22:00:00','03/2025'),(89,9,'2025-03-13','14:00:00','22:00:00','03/2025'),(90,10,'2025-03-13','14:00:00','22:00:00','03/2025'),(91,1,'2025-03-14','08:00:00','17:00:00','03/2025'),(92,2,'2025-03-14','08:00:00','17:00:00','03/2025'),(93,3,'2025-03-14','08:00:00','17:00:00','03/2025'),(94,4,'2025-03-14','08:00:00','17:00:00','03/2025'),(95,5,'2025-03-14','08:00:00','17:00:00','03/2025'),(96,6,'2025-03-14','08:00:00','17:00:00','03/2025'),(97,7,'2025-03-14','08:00:00','17:00:00','03/2025'),(98,8,'2025-03-14','14:00:00','22:00:00','03/2025'),(99,9,'2025-03-14','14:00:00','22:00:00','03/2025'),(100,10,'2025-03-14','14:00:00','22:00:00','03/2025'),(101,1,'2025-03-17','08:00:00','17:00:00','03/2025'),(102,2,'2025-03-17','08:00:00','17:00:00','03/2025'),(103,3,'2025-03-17','08:00:00','17:00:00','03/2025'),(104,4,'2025-03-17','08:00:00','17:00:00','03/2025'),(105,5,'2025-03-17','08:00:00','17:00:00','03/2025'),(106,6,'2025-03-17','08:00:00','17:00:00','03/2025'),(107,7,'2025-03-17','08:00:00','17:00:00','03/2025'),(108,8,'2025-03-17','14:00:00','22:00:00','03/2025'),(109,9,'2025-03-17','14:00:00','22:00:00','03/2025'),(110,10,'2025-03-17','14:00:00','22:00:00','03/2025'),(111,1,'2025-03-18','08:00:00','17:00:00','03/2025'),(112,2,'2025-03-18','08:00:00','17:00:00','03/2025'),(113,3,'2025-03-18','08:00:00','17:00:00','03/2025'),(114,4,'2025-03-18','08:00:00','17:00:00','03/2025'),(115,5,'2025-03-18','08:00:00','17:00:00','03/2025'),(116,6,'2025-03-18','08:00:00','17:00:00','03/2025'),(117,7,'2025-03-18','08:00:00','17:00:00','03/2025'),(118,8,'2025-03-18','14:00:00','22:00:00','03/2025'),(119,9,'2025-03-18','14:00:00','22:00:00','03/2025'),(120,10,'2025-03-18','14:00:00','22:00:00','03/2025'),(121,1,'2025-03-19','08:00:00','17:00:00','03/2025'),(122,2,'2025-03-19','08:00:00','17:00:00','03/2025'),(123,3,'2025-03-19','08:00:00','17:00:00','03/2025'),(124,4,'2025-03-19','08:00:00','17:00:00','03/2025'),(125,5,'2025-03-19','08:00:00','17:00:00','03/2025'),(126,6,'2025-03-19','08:00:00','17:00:00','03/2025'),(127,7,'2025-03-19','08:00:00','17:00:00','03/2025'),(128,8,'2025-03-19','14:00:00','22:00:00','03/2025'),(129,9,'2025-03-19','14:00:00','22:00:00','03/2025'),(130,10,'2025-03-19','14:00:00','22:00:00','03/2025'),(131,1,'2025-03-20','08:00:00','17:00:00','03/2025'),(132,2,'2025-03-20','08:00:00','17:00:00','03/2025'),(133,3,'2025-03-20','08:00:00','17:00:00','03/2025'),(134,4,'2025-03-20','08:00:00','17:00:00','03/2025'),(135,5,'2025-03-20','08:00:00','17:00:00','03/2025'),(136,6,'2025-03-20','08:00:00','17:00:00','03/2025'),(137,7,'2025-03-20','08:00:00','17:00:00','03/2025'),(138,8,'2025-03-20','14:00:00','22:00:00','03/2025'),(139,9,'2025-03-20','14:00:00','22:00:00','03/2025'),(140,10,'2025-03-20','14:00:00','22:00:00','03/2025'),(141,1,'2025-03-21','08:00:00','17:00:00','03/2025'),(142,2,'2025-03-21','08:00:00','17:00:00','03/2025'),(143,3,'2025-03-21','08:00:00','17:00:00','03/2025'),(144,4,'2025-03-21','08:00:00','17:00:00','03/2025'),(145,5,'2025-03-21','08:00:00','17:00:00','03/2025'),(146,6,'2025-03-21','08:00:00','17:00:00','03/2025'),(147,7,'2025-03-21','08:00:00','17:00:00','03/2025'),(148,8,'2025-03-21','14:00:00','22:00:00','03/2025'),(149,9,'2025-03-21','14:00:00','22:00:00','03/2025'),(150,10,'2025-03-21','14:00:00','22:00:00','03/2025'),(151,1,'2025-03-24','08:00:00','17:00:00','03/2025'),(152,2,'2025-03-24','08:00:00','17:00:00','03/2025'),(153,3,'2025-03-24','08:00:00','17:00:00','03/2025'),(154,4,'2025-03-24','08:00:00','17:00:00','03/2025'),(155,5,'2025-03-24','08:00:00','17:00:00','03/2025'),(156,6,'2025-03-24','08:00:00','17:00:00','03/2025'),(157,7,'2025-03-24','08:00:00','17:00:00','03/2025'),(158,8,'2025-03-24','14:00:00','22:00:00','03/2025'),(159,9,'2025-03-24','14:00:00','22:00:00','03/2025'),(160,10,'2025-03-24','14:00:00','22:00:00','03/2025'),(161,1,'2025-03-25','08:00:00','17:00:00','03/2025'),(162,2,'2025-03-25','08:00:00','17:00:00','03/2025'),(163,3,'2025-03-25','08:00:00','17:00:00','03/2025'),(164,4,'2025-03-25','08:00:00','17:00:00','03/2025'),(165,5,'2025-03-25','08:00:00','17:00:00','03/2025'),(166,6,'2025-03-25','08:00:00','17:00:00','03/2025'),(167,7,'2025-03-25','08:00:00','17:00:00','03/2025'),(168,8,'2025-03-25','14:00:00','22:00:00','03/2025'),(169,9,'2025-03-25','14:00:00','22:00:00','03/2025'),(170,10,'2025-03-25','14:00:00','22:00:00','03/2025'),(171,1,'2025-03-26','08:00:00','17:00:00','03/2025'),(172,2,'2025-03-26','08:00:00','17:00:00','03/2025'),(173,3,'2025-03-26','08:00:00','17:00:00','03/2025'),(174,4,'2025-03-26','08:00:00','17:00:00','03/2025'),(175,5,'2025-03-26','08:00:00','17:00:00','03/2025'),(176,6,'2025-03-26','08:00:00','17:00:00','03/2025'),(177,7,'2025-03-26','08:00:00','17:00:00','03/2025'),(178,8,'2025-03-26','14:00:00','22:00:00','03/2025'),(179,9,'2025-03-26','14:00:00','22:00:00','03/2025'),(180,10,'2025-03-26','14:00:00','22:00:00','03/2025'),(181,1,'2025-03-27','08:00:00','17:00:00','03/2025'),(182,2,'2025-03-27','08:00:00','17:00:00','03/2025'),(183,3,'2025-03-27','08:00:00','17:00:00','03/2025'),(184,4,'2025-03-27','08:00:00','17:00:00','03/2025'),(185,5,'2025-03-27','08:00:00','17:00:00','03/2025'),(186,6,'2025-03-27','08:00:00','17:00:00','03/2025'),(187,7,'2025-03-27','08:00:00','17:00:00','03/2025'),(188,8,'2025-03-27','14:00:00','22:00:00','03/2025'),(189,9,'2025-03-27','14:00:00','22:00:00','03/2025'),(190,10,'2025-03-27','14:00:00','22:00:00','03/2025'),(191,1,'2025-03-28','08:00:00','17:00:00','03/2025'),(192,2,'2025-03-28','08:00:00','17:00:00','03/2025'),(193,3,'2025-03-28','08:00:00','17:00:00','03/2025'),(194,4,'2025-03-28','08:00:00','17:00:00','03/2025'),(195,5,'2025-03-28','08:00:00','17:00:00','03/2025'),(196,6,'2025-03-28','08:00:00','17:00:00','03/2025'),(197,7,'2025-03-28','08:00:00','17:00:00','03/2025'),(198,8,'2025-03-28','14:00:00','22:00:00','03/2025'),(199,9,'2025-03-28','14:00:00','22:00:00','03/2025'),(200,10,'2025-03-28','14:00:00','22:00:00','03/2025'),(201,1,'2025-03-31','08:00:00','17:00:00','03/2025'),(202,2,'2025-03-31','08:00:00','17:00:00','03/2025'),(203,3,'2025-03-31','08:00:00','17:00:00','03/2025'),(204,4,'2025-03-31','08:00:00','17:00:00','03/2025'),(205,5,'2025-03-31','08:00:00','17:00:00','03/2025'),(206,6,'2025-03-31','08:00:00','17:00:00','03/2025'),(207,7,'2025-03-31','08:00:00','17:00:00','03/2025'),(208,8,'2025-03-31','14:00:00','22:00:00','03/2025'),(209,9,'2025-03-31','14:00:00','22:00:00','03/2025'),(210,10,'2025-03-31','14:00:00','22:00:00','03/2025'),(211,1,'2025-04-01','08:00:00','17:00:00','04/2025'),(212,2,'2025-04-01','08:00:00','17:00:00','04/2025'),(213,3,'2025-04-01','08:00:00','17:00:00','04/2025'),(214,4,'2025-04-01','08:00:00','17:00:00','04/2025'),(215,5,'2025-04-01','08:00:00','17:00:00','04/2025'),(216,6,'2025-04-01','08:00:00','17:00:00','04/2025'),(217,7,'2025-04-01','08:00:00','17:00:00','04/2025'),(218,8,'2025-04-01','14:00:00','22:00:00','04/2025'),(219,9,'2025-04-01','14:00:00','22:00:00','04/2025'),(220,10,'2025-04-01','14:00:00','22:00:00','04/2025'),(221,1,'2025-04-02','08:00:00','17:00:00','04/2025'),(222,2,'2025-04-02','08:00:00','17:00:00','04/2025'),(223,3,'2025-04-02','08:00:00','17:00:00','04/2025'),(224,4,'2025-04-02','08:00:00','17:00:00','04/2025'),(225,5,'2025-04-02','08:00:00','17:00:00','04/2025'),(226,6,'2025-04-02','08:00:00','17:00:00','04/2025'),(227,7,'2025-04-02','08:00:00','17:00:00','04/2025'),(228,8,'2025-04-02','14:00:00','22:00:00','04/2025'),(229,9,'2025-04-02','14:00:00','22:00:00','04/2025'),(230,10,'2025-04-02','14:00:00','22:00:00','04/2025'),(231,1,'2025-04-03','08:00:00','17:00:00','04/2025'),(232,2,'2025-04-03','08:00:00','17:00:00','04/2025'),(233,3,'2025-04-03','08:00:00','17:00:00','04/2025'),(234,4,'2025-04-03','08:00:00','17:00:00','04/2025'),(235,5,'2025-04-03','08:00:00','17:00:00','04/2025'),(236,6,'2025-04-03','08:00:00','17:00:00','04/2025'),(237,7,'2025-04-03','08:00:00','17:00:00','04/2025'),(238,8,'2025-04-03','14:00:00','22:00:00','04/2025'),(239,9,'2025-04-03','14:00:00','22:00:00','04/2025'),(240,10,'2025-04-03','14:00:00','22:00:00','04/2025'),(241,1,'2025-04-04','08:00:00','17:00:00','04/2025'),(242,2,'2025-04-04','08:00:00','17:00:00','04/2025'),(243,3,'2025-04-04','08:00:00','17:00:00','04/2025'),(244,4,'2025-04-04','08:00:00','17:00:00','04/2025'),(245,5,'2025-04-04','08:00:00','17:00:00','04/2025'),(246,6,'2025-04-04','08:00:00','17:00:00','04/2025'),(247,7,'2025-04-04','08:00:00','17:00:00','04/2025'),(248,8,'2025-04-04','14:00:00','22:00:00','04/2025'),(249,9,'2025-04-04','14:00:00','22:00:00','04/2025'),(250,10,'2025-04-04','14:00:00','22:00:00','04/2025'),(251,1,'2025-04-07','08:00:00','17:00:00','04/2025'),(252,2,'2025-04-07','08:00:00','17:00:00','04/2025'),(253,3,'2025-04-07','08:00:00','17:00:00','04/2025'),(254,4,'2025-04-07','08:00:00','17:00:00','04/2025'),(255,5,'2025-04-07','08:00:00','17:00:00','04/2025'),(256,6,'2025-04-07','08:00:00','17:00:00','04/2025'),(257,7,'2025-04-07','08:00:00','17:00:00','04/2025'),(258,8,'2025-04-07','14:00:00','22:00:00','04/2025'),(259,9,'2025-04-07','14:00:00','22:00:00','04/2025'),(260,10,'2025-04-07','14:00:00','22:00:00','04/2025'),(261,1,'2025-04-08','08:00:00','17:00:00','04/2025'),(262,2,'2025-04-08','08:00:00','17:00:00','04/2025'),(263,3,'2025-04-08','08:00:00','17:00:00','04/2025'),(264,4,'2025-04-08','08:00:00','17:00:00','04/2025'),(265,5,'2025-04-08','08:00:00','17:00:00','04/2025'),(266,6,'2025-04-08','08:00:00','17:00:00','04/2025'),(267,7,'2025-04-08','08:00:00','17:00:00','04/2025'),(268,8,'2025-04-08','14:00:00','22:00:00','04/2025'),(269,9,'2025-04-08','14:00:00','22:00:00','04/2025'),(270,10,'2025-04-08','14:00:00','22:00:00','04/2025'),(271,1,'2025-04-09','08:00:00','17:00:00','04/2025'),(272,2,'2025-04-09','08:00:00','17:00:00','04/2025'),(273,3,'2025-04-09','08:00:00','17:00:00','04/2025'),(274,4,'2025-04-09','08:00:00','17:00:00','04/2025'),(275,5,'2025-04-09','08:00:00','17:00:00','04/2025'),(276,6,'2025-04-09','08:00:00','17:00:00','04/2025'),(277,7,'2025-04-09','08:00:00','17:00:00','04/2025'),(278,8,'2025-04-09','14:00:00','22:00:00','04/2025'),(279,9,'2025-04-09','14:00:00','22:00:00','04/2025'),(280,10,'2025-04-09','14:00:00','22:00:00','04/2025'),(281,1,'2025-04-10','08:00:00','17:00:00','04/2025'),(282,2,'2025-04-10','08:00:00','17:00:00','04/2025'),(283,3,'2025-04-10','08:00:00','17:00:00','04/2025'),(284,4,'2025-04-10','08:00:00','17:00:00','04/2025'),(285,5,'2025-04-10','08:00:00','17:00:00','04/2025'),(286,6,'2025-04-10','08:00:00','17:00:00','04/2025'),(287,7,'2025-04-10','08:00:00','17:00:00','04/2025'),(288,8,'2025-04-10','14:00:00','22:00:00','04/2025'),(289,9,'2025-04-10','14:00:00','22:00:00','04/2025'),(290,10,'2025-04-10','14:00:00','22:00:00','04/2025'),(291,1,'2025-04-11','08:00:00','17:00:00','04/2025'),(292,2,'2025-04-11','08:00:00','17:00:00','04/2025'),(293,3,'2025-04-11','08:00:00','17:00:00','04/2025'),(294,4,'2025-04-11','08:00:00','17:00:00','04/2025'),(295,5,'2025-04-11','08:00:00','17:00:00','04/2025'),(296,6,'2025-04-11','08:00:00','17:00:00','04/2025'),(297,7,'2025-04-11','08:00:00','17:00:00','04/2025'),(298,8,'2025-04-11','14:00:00','22:00:00','04/2025'),(299,9,'2025-04-11','14:00:00','22:00:00','04/2025'),(300,10,'2025-04-11','14:00:00','22:00:00','04/2025'),(301,1,'2025-04-14','08:00:00','17:00:00','04/2025'),(302,2,'2025-04-14','08:00:00','17:00:00','04/2025'),(303,3,'2025-04-14','08:00:00','17:00:00','04/2025'),(304,4,'2025-04-14','08:00:00','17:00:00','04/2025'),(305,5,'2025-04-14','08:00:00','17:00:00','04/2025'),(306,6,'2025-04-14','08:00:00','17:00:00','04/2025'),(307,7,'2025-04-14','08:00:00','17:00:00','04/2025'),(308,8,'2025-04-14','14:00:00','22:00:00','04/2025'),(309,9,'2025-04-14','14:00:00','22:00:00','04/2025'),(310,10,'2025-04-14','14:00:00','22:00:00','04/2025'),(311,1,'2025-04-15','08:00:00','17:00:00','04/2025'),(312,2,'2025-04-15','08:00:00','17:00:00','04/2025'),(313,3,'2025-04-15','08:00:00','17:00:00','04/2025'),(314,4,'2025-04-15','08:00:00','17:00:00','04/2025'),(315,5,'2025-04-15','08:00:00','17:00:00','04/2025'),(316,6,'2025-04-15','08:00:00','17:00:00','04/2025'),(317,7,'2025-04-15','08:00:00','17:00:00','04/2025'),(318,8,'2025-04-15','14:00:00','22:00:00','04/2025'),(319,9,'2025-04-15','14:00:00','22:00:00','04/2025'),(320,10,'2025-04-15','14:00:00','22:00:00','04/2025'),(321,1,'2025-04-16','08:00:00','17:00:00','04/2025'),(322,2,'2025-04-16','08:00:00','17:00:00','04/2025'),(323,3,'2025-04-16','08:00:00','17:00:00','04/2025'),(324,4,'2025-04-16','08:00:00','17:00:00','04/2025'),(325,5,'2025-04-16','08:00:00','17:00:00','04/2025'),(326,6,'2025-04-16','08:00:00','17:00:00','04/2025'),(327,7,'2025-04-16','08:00:00','17:00:00','04/2025'),(328,8,'2025-04-16','14:00:00','22:00:00','04/2025'),(329,9,'2025-04-16','14:00:00','22:00:00','04/2025'),(330,10,'2025-04-16','14:00:00','22:00:00','04/2025'),(331,1,'2025-04-17','08:00:00','17:00:00','04/2025'),(332,2,'2025-04-17','08:00:00','17:00:00','04/2025'),(333,3,'2025-04-17','08:00:00','17:00:00','04/2025'),(334,4,'2025-04-17','08:00:00','17:00:00','04/2025'),(335,5,'2025-04-17','08:00:00','17:00:00','04/2025'),(336,6,'2025-04-17','08:00:00','17:00:00','04/2025'),(337,7,'2025-04-17','08:00:00','17:00:00','04/2025'),(338,8,'2025-04-17','14:00:00','22:00:00','04/2025'),(339,9,'2025-04-17','14:00:00','22:00:00','04/2025'),(340,10,'2025-04-17','14:00:00','22:00:00','04/2025'),(341,1,'2025-04-18','08:00:00','17:00:00','04/2025'),(342,2,'2025-04-18','08:00:00','17:00:00','04/2025'),(343,3,'2025-04-18','08:00:00','17:00:00','04/2025'),(344,4,'2025-04-18','08:00:00','17:00:00','04/2025'),(345,5,'2025-04-18','08:00:00','17:00:00','04/2025'),(346,6,'2025-04-18','08:00:00','17:00:00','04/2025'),(347,7,'2025-04-18','08:00:00','17:00:00','04/2025'),(348,8,'2025-04-18','14:00:00','22:00:00','04/2025'),(349,9,'2025-04-18','14:00:00','22:00:00','04/2025'),(350,10,'2025-04-18','14:00:00','22:00:00','04/2025'),(351,1,'2025-04-21','08:00:00','17:00:00','04/2025'),(352,2,'2025-04-21','08:00:00','17:00:00','04/2025'),(353,3,'2025-04-21','08:00:00','17:00:00','04/2025'),(354,4,'2025-04-21','08:00:00','17:00:00','04/2025'),(355,5,'2025-04-21','08:00:00','17:00:00','04/2025'),(356,6,'2025-04-21','08:00:00','17:00:00','04/2025'),(357,7,'2025-04-21','08:00:00','17:00:00','04/2025'),(358,8,'2025-04-21','14:00:00','22:00:00','04/2025'),(359,9,'2025-04-21','14:00:00','22:00:00','04/2025'),(360,10,'2025-04-21','14:00:00','22:00:00','04/2025'),(361,1,'2025-04-22','08:00:00','17:00:00','04/2025'),(362,2,'2025-04-22','08:00:00','17:00:00','04/2025'),(363,3,'2025-04-22','08:00:00','17:00:00','04/2025'),(364,4,'2025-04-22','08:00:00','17:00:00','04/2025'),(365,5,'2025-04-22','08:00:00','17:00:00','04/2025'),(366,6,'2025-04-22','08:00:00','17:00:00','04/2025'),(367,7,'2025-04-22','08:00:00','17:00:00','04/2025'),(368,8,'2025-04-22','14:00:00','22:00:00','04/2025'),(369,9,'2025-04-22','14:00:00','22:00:00','04/2025'),(370,10,'2025-04-22','14:00:00','22:00:00','04/2025'),(371,1,'2025-04-23','08:00:00','17:00:00','04/2025'),(372,2,'2025-04-23','08:00:00','17:00:00','04/2025'),(373,3,'2025-04-23','08:00:00','17:00:00','04/2025'),(374,4,'2025-04-23','08:00:00','17:00:00','04/2025'),(375,5,'2025-04-23','08:00:00','17:00:00','04/2025'),(376,6,'2025-04-23','08:00:00','17:00:00','04/2025'),(377,7,'2025-04-23','08:00:00','17:00:00','04/2025'),(378,8,'2025-04-23','14:00:00','22:00:00','04/2025'),(379,9,'2025-04-23','14:00:00','22:00:00','04/2025'),(380,10,'2025-04-23','14:00:00','22:00:00','04/2025'),(381,1,'2025-04-24','08:00:00','17:00:00','04/2025'),(382,2,'2025-04-24','08:00:00','17:00:00','04/2025'),(383,3,'2025-04-24','08:00:00','17:00:00','04/2025'),(384,4,'2025-04-24','08:00:00','17:00:00','04/2025'),(385,5,'2025-04-24','08:00:00','17:00:00','04/2025'),(386,6,'2025-04-24','08:00:00','17:00:00','04/2025'),(387,7,'2025-04-24','08:00:00','17:00:00','04/2025'),(388,8,'2025-04-24','14:00:00','22:00:00','04/2025'),(389,9,'2025-04-24','14:00:00','22:00:00','04/2025'),(390,10,'2025-04-24','14:00:00','22:00:00','04/2025'),(391,1,'2025-04-25','08:00:00','17:00:00','04/2025'),(392,2,'2025-04-25','08:00:00','17:00:00','04/2025'),(393,3,'2025-04-25','08:00:00','17:00:00','04/2025'),(394,4,'2025-04-25','08:00:00','17:00:00','04/2025'),(395,5,'2025-04-25','08:00:00','17:00:00','04/2025'),(396,6,'2025-04-25','08:00:00','17:00:00','04/2025'),(397,7,'2025-04-25','08:00:00','17:00:00','04/2025'),(398,8,'2025-04-25','14:00:00','22:00:00','04/2025'),(399,9,'2025-04-25','14:00:00','22:00:00','04/2025'),(400,10,'2025-04-25','14:00:00','22:00:00','04/2025'),(401,1,'2025-04-28','08:00:00','17:00:00','04/2025'),(402,2,'2025-04-28','08:00:00','17:00:00','04/2025'),(403,3,'2025-04-28','08:00:00','17:00:00','04/2025'),(404,4,'2025-04-28','08:00:00','17:00:00','04/2025'),(405,5,'2025-04-28','08:00:00','17:00:00','04/2025'),(406,6,'2025-04-28','08:00:00','17:00:00','04/2025'),(407,7,'2025-04-28','08:00:00','17:00:00','04/2025'),(408,8,'2025-04-28','14:00:00','22:00:00','04/2025'),(409,9,'2025-04-28','14:00:00','22:00:00','04/2025'),(410,10,'2025-04-28','14:00:00','22:00:00','04/2025'),(411,1,'2025-04-29','08:00:00','17:00:00','04/2025'),(412,2,'2025-04-29','08:00:00','17:00:00','04/2025'),(413,3,'2025-04-29','08:00:00','17:00:00','04/2025'),(414,4,'2025-04-29','08:00:00','17:00:00','04/2025'),(415,5,'2025-04-29','08:00:00','17:00:00','04/2025'),(416,6,'2025-04-29','08:00:00','17:00:00','04/2025'),(417,7,'2025-04-29','08:00:00','17:00:00','04/2025'),(418,8,'2025-04-29','14:00:00','22:00:00','04/2025'),(419,9,'2025-04-29','14:00:00','22:00:00','04/2025'),(420,10,'2025-04-29','14:00:00','22:00:00','04/2025'),(421,1,'2025-04-30','08:00:00','17:00:00','04/2025'),(422,2,'2025-04-30','08:00:00','17:00:00','04/2025'),(423,3,'2025-04-30','08:00:00','17:00:00','04/2025'),(424,4,'2025-04-30','08:00:00','17:00:00','04/2025'),(425,5,'2025-04-30','08:00:00','17:00:00','04/2025'),(426,6,'2025-04-30','08:00:00','17:00:00','04/2025'),(427,7,'2025-04-30','08:00:00','17:00:00','04/2025'),(428,8,'2025-04-30','14:00:00','22:00:00','04/2025'),(429,9,'2025-04-30','14:00:00','22:00:00','04/2025'),(430,10,'2025-04-30','14:00:00','22:00:00','04/2025');
/*!40000 ALTER TABLE `asistencias` ENABLE KEYS */;
UNLOCK TABLES;

--
-- Table structure for table `boleta`
--

DROP TABLE IF EXISTS `boleta`;
/*!40101 SET @saved_cs_client     = @@character_set_client */;
/*!50503 SET character_set_client = utf8mb4 */;
CREATE TABLE `boleta` (
  `id_planilla` int NOT NULL AUTO_INCREMENT,
  `id_empleado` int DEFAULT NULL,
  `sueldo_basico` decimal(10,2) DEFAULT NULL,
  `gratificacion_neta` decimal(10,2) DEFAULT NULL,
  `total_bonificaciones` decimal(10,2) DEFAULT NULL,
  `total_descuentos` decimal(10,2) DEFAULT NULL,
  `sueldo_neto` decimal(10,2) DEFAULT NULL,
  `fecha_generacion` date DEFAULT NULL,
  PRIMARY KEY (`id_planilla`),
  KEY `id_empleado` (`id_empleado`),
  CONSTRAINT `boleta_ibfk_1` FOREIGN KEY (`id_empleado`) REFERENCES `empleados` (`id_empleado`)
) ENGINE=InnoDB DEFAULT CHARSET=utf8mb4 COLLATE=utf8mb4_0900_ai_ci;
/*!40101 SET character_set_client = @saved_cs_client */;

--
-- Dumping data for table `boleta`
--

LOCK TABLES `boleta` WRITE;
/*!40000 ALTER TABLE `boleta` DISABLE KEYS */;
/*!40000 ALTER TABLE `boleta` ENABLE KEYS */;
UNLOCK TABLES;

--
-- Table structure for table `bonificaciones`
--

DROP TABLE IF EXISTS `bonificaciones`;
/*!40101 SET @saved_cs_client     = @@character_set_client */;
/*!50503 SET character_set_client = utf8mb4 */;
CREATE TABLE `bonificaciones` (
  `id_bonificacion` int NOT NULL AUTO_INCREMENT,
  `id_empleado` int DEFAULT NULL,
  `concepto` varchar(100) DEFAULT NULL,
  `monto` decimal(10,2) DEFAULT NULL,
  `fecha` date DEFAULT NULL,
  PRIMARY KEY (`id_bonificacion`),
  KEY `id_empleado` (`id_empleado`),
  CONSTRAINT `bonificaciones_ibfk_1` FOREIGN KEY (`id_empleado`) REFERENCES `empleados` (`id_empleado`)
) ENGINE=InnoDB AUTO_INCREMENT=13 DEFAULT CHARSET=utf8mb4 COLLATE=utf8mb4_0900_ai_ci;
/*!40101 SET character_set_client = @saved_cs_client */;

--
-- Dumping data for table `bonificaciones`
--

LOCK TABLES `bonificaciones` WRITE;
/*!40000 ALTER TABLE `bonificaciones` DISABLE KEYS */;
INSERT INTO `bonificaciones` VALUES (1,1,'Asignación Familiar',113.00,'2025-03-31'),(2,2,'Asignación Familiar',113.00,'2025-03-31'),(3,4,'Asignación Familiar',113.00,'2025-03-31'),(4,7,'Asignación Familiar',113.00,'2025-03-31'),(5,9,'Asignación Familiar',113.00,'2025-03-31'),(6,10,'Asignación Familiar',113.00,'2025-03-31'),(7,1,'Asignación Familiar',113.00,'2025-04-30'),(8,2,'Asignación Familiar',113.00,'2025-04-30'),(9,4,'Asignación Familiar',113.00,'2025-04-30'),(10,7,'Asignación Familiar',113.00,'2025-04-30'),(11,9,'Asignación Familiar',113.00,'2025-04-30'),(12,10,'Asignación Familiar',113.00,'2025-04-30');
/*!40000 ALTER TABLE `bonificaciones` ENABLE KEYS */;
UNLOCK TABLES;

--
-- Table structure for table `descuentos`
--

DROP TABLE IF EXISTS `descuentos`;
/*!40101 SET @saved_cs_client     = @@character_set_client */;
/*!50503 SET character_set_client = utf8mb4 */;
CREATE TABLE `descuentos` (
  `id_descuento` int NOT NULL AUTO_INCREMENT,
  `id_empleado` int DEFAULT NULL,
  `concepto` varchar(100) DEFAULT NULL,
  `monto` decimal(10,2) DEFAULT NULL,
  `fecha` date DEFAULT NULL,
  PRIMARY KEY (`id_descuento`),
  KEY `id_empleado` (`id_empleado`),
  CONSTRAINT `descuentos_ibfk_1` FOREIGN KEY (`id_empleado`) REFERENCES `empleados` (`id_empleado`)
) ENGINE=InnoDB AUTO_INCREMENT=31 DEFAULT CHARSET=utf8mb4 COLLATE=utf8mb4_0900_ai_ci;
/*!40101 SET character_set_client = @saved_cs_client */;

--
-- Dumping data for table `descuentos`
--

LOCK TABLES `descuentos` WRITE;
/*!40000 ALTER TABLE `descuentos` DISABLE KEYS */;
INSERT INTO `descuentos` VALUES (1,1,'AFP Comisión sobre R.A.',31.32,'2025-04-30'),(2,1,'AFP Prima Seguro',23.22,'2025-04-30'),(3,1,'AFP Aporte Obligatorio',180.00,'2025-04-30'),(4,2,'AFP Comisión sobre R.A.',33.06,'2025-04-30'),(5,2,'AFP Prima Seguro',24.51,'2025-04-30'),(6,2,'AFP Aporte Obligatorio',190.00,'2025-04-30'),(7,3,'AFP Comisión sobre R.A.',33.92,'2025-04-30'),(8,3,'AFP Prima Seguro',25.16,'2025-04-30'),(9,3,'AFP Aporte Obligatorio',195.00,'2025-04-30'),(10,4,'AFP Comisión sobre R.A.',26.10,'2025-04-30'),(11,4,'AFP Prima Seguro',19.35,'2025-04-30'),(12,4,'AFP Aporte Obligatorio',150.00,'2025-04-30'),(13,5,'AFP Comisión sobre R.A.',26.10,'2025-04-30'),(14,5,'AFP Prima Seguro',19.35,'2025-04-30'),(15,5,'AFP Aporte Obligatorio',150.00,'2025-04-30'),(16,6,'AFP Comisión sobre R.A.',26.10,'2025-04-30'),(17,6,'AFP Prima Seguro',19.35,'2025-04-30'),(18,6,'AFP Aporte Obligatorio',150.00,'2025-04-30'),(19,7,'AFP Comisión sobre R.A.',26.10,'2025-04-30'),(20,7,'AFP Prima Seguro',19.35,'2025-04-30'),(21,7,'AFP Aporte Obligatorio',150.00,'2025-04-30'),(22,8,'AFP Comisión sobre R.A.',26.10,'2025-04-30'),(23,8,'AFP Prima Seguro',19.35,'2025-04-30'),(24,8,'AFP Aporte Obligatorio',150.00,'2025-04-30'),(25,9,'AFP Comisión sobre R.A.',26.10,'2025-04-30'),(26,9,'AFP Prima Seguro',19.35,'2025-04-30'),(27,9,'AFP Aporte Obligatorio',150.00,'2025-04-30'),(28,10,'AFP Comisión sobre R.A.',26.10,'2025-04-30'),(29,10,'AFP Prima Seguro',19.35,'2025-04-30'),(30,10,'AFP Aporte Obligatorio',150.00,'2025-04-30');
/*!40000 ALTER TABLE `descuentos` ENABLE KEYS */;
UNLOCK TABLES;

--
-- Table structure for table `empleados`
--

DROP TABLE IF EXISTS `empleados`;
/*!40101 SET @saved_cs_client     = @@character_set_client */;
/*!50503 SET character_set_client = utf8mb4 */;
CREATE TABLE `empleados` (
  `id_empleado` int NOT NULL AUTO_INCREMENT,
  `dni` char(8) NOT NULL,
  `nombres` varchar(100) NOT NULL,
  `apellidos` varchar(100) NOT NULL,
  `fecha_nacimiento` date DEFAULT NULL,
  `direccion` varchar(200) DEFAULT NULL,
  `telefono` varchar(15) DEFAULT NULL,
  `correo` varchar(100) DEFAULT NULL,
  `fecha_ingreso` date NOT NULL,
  `fecha_salida` date DEFAULT NULL,
  `cargo` varchar(50) DEFAULT NULL,
  `sueldo_basico` decimal(10,2) NOT NULL,
  `estado` tinyint(1) DEFAULT '1',
  PRIMARY KEY (`id_empleado`),
  UNIQUE KEY `dni` (`dni`)
) ENGINE=InnoDB AUTO_INCREMENT=11 DEFAULT CHARSET=utf8mb4 COLLATE=utf8mb4_0900_ai_ci;
/*!40101 SET character_set_client = @saved_cs_client */;

--
-- Dumping data for table `empleados`
--

LOCK TABLES `empleados` WRITE;
/*!40000 ALTER TABLE `empleados` DISABLE KEYS */;
INSERT INTO `empleados` VALUES (1,'72345678','Carlos','Pérez Ramírez','1992-06-10','Av. Los Álamos 123, Lima','987654321','cperez@textilima.com','2021-03-15',NULL,'Mecánico textil',1800.00,1),(2,'23456789','Ana','Gonzales Torres','1995-11-23','Jr. Las Rosas 456, Lima','976543210','agonzales@textilima.com','2022-01-10',NULL,'Técnico en control de calidad',1900.00,1),(3,'34567890','Luis','Fernández Salas','1990-03-05','Av. Universitaria 789, Lima','965432109','lfernandez@textilima.com','2020-11-01',NULL,'Encargado de inventario',1950.00,1),(4,'45678901','María','Lopez García','1998-12-30','Calle Lima 234, Lima','954321098','mlopez@textilima.com','2019-07-22',NULL,'Operario textil',1500.00,1),(5,'56789012','Pedro','Martínez Díaz','1996-07-18','Av. Brasil 345, Lima','943210987','pmartinez@textilima.com','2023-04-03',NULL,'Operario textil',1500.00,1),(6,'67890123','Lucía','Reyes Quispe','1993-10-11','Av. Javier Prado 876, Lima','932109876','lreyes@textilima.com','2021-09-09',NULL,'Operario textil',1500.00,1),(7,'78901234','Jorge','Sánchez Huamán','1994-02-28','Calle Los Pinos 111, Lima','921098765','jsanchez@textilima.com','2020-06-18',NULL,'Operario textil',1500.00,1),(8,'89012345','Sandra','Ramos Flores','1997-01-09','Jr. Ayacucho 222, Lima','910987654','sramos@textilima.com','2022-08-30',NULL,'Operario textil',1500.00,1),(9,'90123456','Eduardo','Cruz Moreno','1991-05-15','Av. Arequipa 654, Lima','999876543','ecruz@textilima.com','2018-12-11',NULL,'Operario textil',1500.00,1),(10,'72234567','Rosa','Vargas Soto','1999-09-02','Calle San Martín 321, Lima','988765432','rvargas@textilima.com','2024-02-14',NULL,'Operario textil',1500.00,1);
/*!40000 ALTER TABLE `empleados` ENABLE KEYS */;
UNLOCK TABLES;

--
-- Table structure for table `gratificacion`
--

DROP TABLE IF EXISTS `gratificacion`;
/*!40101 SET @saved_cs_client     = @@character_set_client */;
/*!50503 SET character_set_client = utf8mb4 */;
CREATE TABLE `gratificacion` (
  `id_gratificacion` int NOT NULL AUTO_INCREMENT,
  `id_empleado` int DEFAULT NULL,
  `periodo_mes` varchar(10) DEFAULT NULL,
  `periodo_año` int DEFAULT NULL,
  `sueldo_base` decimal(10,2) DEFAULT NULL,
  `asignacion_familiar` decimal(10,2) DEFAULT '0.00',
  `gratificacion_bruta` decimal(10,2) DEFAULT NULL,
  `essalud` decimal(10,2) DEFAULT NULL,
  `gratificacion_neta` decimal(10,2) DEFAULT NULL,
  `fecha_pago` date DEFAULT NULL,
  PRIMARY KEY (`id_gratificacion`),
  KEY `id_empleado` (`id_empleado`),
  CONSTRAINT `gratificacion_ibfk_1` FOREIGN KEY (`id_empleado`) REFERENCES `empleados` (`id_empleado`)
) ENGINE=InnoDB DEFAULT CHARSET=utf8mb4 COLLATE=utf8mb4_0900_ai_ci;
/*!40101 SET character_set_client = @saved_cs_client */;

--
-- Dumping data for table `gratificacion`
--

LOCK TABLES `gratificacion` WRITE;
/*!40000 ALTER TABLE `gratificacion` DISABLE KEYS */;
/*!40000 ALTER TABLE `gratificacion` ENABLE KEYS */;
UNLOCK TABLES;

--
-- Table structure for table `resumen_ids`
--

DROP TABLE IF EXISTS `resumen_ids`;
/*!40101 SET @saved_cs_client     = @@character_set_client */;
/*!50503 SET character_set_client = utf8mb4 */;
CREATE TABLE `resumen_ids` (
  `id_resumen` int NOT NULL AUTO_INCREMENT,
  `id_empleado` int DEFAULT NULL,
  `id_asistencia` int DEFAULT NULL,
  `id_planilla` int DEFAULT NULL,
  `id_bonificacion` int DEFAULT NULL,
  `id_descuento` int DEFAULT NULL,
  `id_gratificacion` int DEFAULT NULL,
  PRIMARY KEY (`id_resumen`),
  KEY `id_empleado` (`id_empleado`),
  KEY `id_asistencia` (`id_asistencia`),
  KEY `id_planilla` (`id_planilla`),
  KEY `id_bonificacion` (`id_bonificacion`),
  KEY `id_descuento` (`id_descuento`),
  KEY `id_gratificacion` (`id_gratificacion`),
  CONSTRAINT `resumen_ids_ibfk_1` FOREIGN KEY (`id_empleado`) REFERENCES `empleados` (`id_empleado`),
  CONSTRAINT `resumen_ids_ibfk_2` FOREIGN KEY (`id_asistencia`) REFERENCES `asistencias` (`id_asistencia`),
  CONSTRAINT `resumen_ids_ibfk_3` FOREIGN KEY (`id_planilla`) REFERENCES `boleta` (`id_planilla`),
  CONSTRAINT `resumen_ids_ibfk_4` FOREIGN KEY (`id_bonificacion`) REFERENCES `bonificaciones` (`id_bonificacion`),
  CONSTRAINT `resumen_ids_ibfk_5` FOREIGN KEY (`id_descuento`) REFERENCES `descuentos` (`id_descuento`),
  CONSTRAINT `resumen_ids_ibfk_6` FOREIGN KEY (`id_gratificacion`) REFERENCES `gratificacion` (`id_gratificacion`)
) ENGINE=InnoDB DEFAULT CHARSET=utf8mb4 COLLATE=utf8mb4_0900_ai_ci;
/*!40101 SET character_set_client = @saved_cs_client */;

--
-- Dumping data for table `resumen_ids`
--

LOCK TABLES `resumen_ids` WRITE;
/*!40000 ALTER TABLE `resumen_ids` DISABLE KEYS */;
/*!40000 ALTER TABLE `resumen_ids` ENABLE KEYS */;
UNLOCK TABLES;

--
-- Table structure for table `roles`
--

DROP TABLE IF EXISTS `roles`;
/*!40101 SET @saved_cs_client     = @@character_set_client */;
/*!50503 SET character_set_client = utf8mb4 */;
CREATE TABLE `roles` (
  `id_rol_usuario` int NOT NULL AUTO_INCREMENT,
  `nombre_rol` varchar(50) NOT NULL,
  PRIMARY KEY (`id_rol_usuario`)
) ENGINE=InnoDB AUTO_INCREMENT=3 DEFAULT CHARSET=utf8mb4 COLLATE=utf8mb4_0900_ai_ci;
/*!40101 SET character_set_client = @saved_cs_client */;

--
-- Dumping data for table `roles`
--

LOCK TABLES `roles` WRITE;
/*!40000 ALTER TABLE `roles` DISABLE KEYS */;
INSERT INTO `roles` VALUES (1,'Administrador'),(2,'Usuario');
/*!40000 ALTER TABLE `roles` ENABLE KEYS */;
UNLOCK TABLES;

--
-- Table structure for table `usuarios`
--

DROP TABLE IF EXISTS `usuarios`;
/*!40101 SET @saved_cs_client     = @@character_set_client */;
/*!50503 SET character_set_client = utf8mb4 */;
CREATE TABLE `usuarios` (
  `id_usuario` int NOT NULL AUTO_INCREMENT,
  `nombre_usuario` varchar(50) NOT NULL,
  `contrasena` varchar(100) NOT NULL,
  `id_rol_usuario` int NOT NULL,
  PRIMARY KEY (`id_usuario`),
  KEY `fk_rol_usuario` (`id_rol_usuario`),
  CONSTRAINT `fk_rol_usuario` FOREIGN KEY (`id_rol_usuario`) REFERENCES `roles` (`id_rol_usuario`)
) ENGINE=InnoDB AUTO_INCREMENT=5 DEFAULT CHARSET=utf8mb4 COLLATE=utf8mb4_0900_ai_ci;
/*!40101 SET character_set_client = @saved_cs_client */;

--
-- Dumping data for table `usuarios`
--

LOCK TABLES `usuarios` WRITE;
/*!40000 ALTER TABLE `usuarios` DISABLE KEYS */;
INSERT INTO `usuarios` VALUES (1,'asd','123',1),(2,'admin','admin',1),(3,'admin','admin',2),(4,'eddy','1234',2);
/*!40000 ALTER TABLE `usuarios` ENABLE KEYS */;
UNLOCK TABLES;
/*!40103 SET TIME_ZONE=@OLD_TIME_ZONE */;

/*!40101 SET SQL_MODE=@OLD_SQL_MODE */;
/*!40014 SET FOREIGN_KEY_CHECKS=@OLD_FOREIGN_KEY_CHECKS */;
/*!40014 SET UNIQUE_CHECKS=@OLD_UNIQUE_CHECKS */;
/*!40101 SET CHARACTER_SET_CLIENT=@OLD_CHARACTER_SET_CLIENT */;
/*!40101 SET CHARACTER_SET_RESULTS=@OLD_CHARACTER_SET_RESULTS */;
/*!40101 SET COLLATION_CONNECTION=@OLD_COLLATION_CONNECTION */;
/*!40111 SET SQL_NOTES=@OLD_SQL_NOTES */;

-- Dump completed on 2025-05-13 17:35:10
